Country Name,Country Code,Indicator Code,value_2014
Arab World,ARB,UIS.NERA.2,
Arab World,ARB,UIS.NERA.2.F,
Arab World,ARB,UIS.NERA.2.GPI,
Arab World,ARB,UIS.NERA.2.M,
Arab World,ARB,SE.PRM.TENR,85.32
Arab World,ARB,SE.PRM.TENR.FE,83.82
Arab World,ARB,UIS.NERA.1.GPI,0.97
Arab World,ARB,SE.PRM.TENR.MA,86.75
Arab World,ARB,UIS.NERA.3,
Arab World,ARB,UIS.NERA.3.F,
Arab World,ARB,UIS.NERA.3.GPI,
Arab World,ARB,UIS.NERA.3.M,
Arab World,ARB,UIS.NIRA.1,76.62
Arab World,ARB,UIS.NIRA.1.F,76.45
Arab World,ARB,UIS.NIRA.1.GPI,1.00
Arab World,ARB,UIS.NIRA.1.M,76.78
Arab World,ARB,UIS.LPP.AG15T99,64.89
Arab World,ARB,UIS.LP.AG15T99,55698608.00
Arab World,ARB,UIS.LP.AG15T99.F,36143756.00
Arab World,ARB,UIS.LP.AG15T99.M,19554852.00
Arab World,ARB,SE.ADT.LITR.ZS,77.36
Arab World,ARB,SE.ADT.LITR.FE.ZS,69.23
Arab World,ARB,UIS.LR.AG15T99.GPI,0.82
Arab World,ARB,SE.ADT.LITR.MA.ZS,84.73
Arab World,ARB,UIS.AFR.AGRADMG.1.PU,
Arab World,ARB,UIS.AFR.PBR.1.G1.PU.MATH,
Arab World,ARB,UIS.AFR.PBR.1.G2.PU.MATH,
Arab World,ARB,UIS.AFR.PBR.1.G3.PU.MATH,
Arab World,ARB,UIS.AFR.PBR.1.G4.PU.MATH,
Arab World,ARB,UIS.AFR.PBR.1.G5.PU.MATH,
Arab World,ARB,UIS.AFR.PBR.1.G6.PU.MATH,
Arab World,ARB,UIS.AFR.PBR.1.G7.PU.MATH,
Arab World,ARB,UIS.AFR.PBR.1.PU.MATH,
Arab World,ARB,UIS.AFR.PBR.1.G1.PU.READ,
Arab World,ARB,UIS.AFR.PBR.1.G2.PU.READ,
Arab World,ARB,UIS.AFR.PBR.1.G3.PU.READ,
Arab World,ARB,UIS.AFR.PBR.1.G4.PU.READ,
Arab World,ARB,UIS.AFR.PBR.1.G5.PU.READ,
Arab World,ARB,UIS.AFR.PBR.1.G6.PU.READ,
Arab World,ARB,UIS.AFR.PBR.1.G7.PU.READ,
Arab World,ARB,UIS.AFR.PBR.1.PU.READ,
Arab World,ARB,UIS.AFR.CS.1.PU,
Arab World,ARB,UIS.AFR.CS.MG.1.PU,
Arab World,ARB,UIS.AFR.CS.SG.1.G1.PU,
Arab World,ARB,UIS.AFR.CS.SG.1.G2.PU,
Arab World,ARB,UIS.AFR.CS.SG.1.G3.PU,
Arab World,ARB,UIS.AFR.CS.SG.1.G4.PU,
Arab World,ARB,UIS.AFR.CS.SG.1.G5.PU,
Arab World,ARB,UIS.AFR.CS.SG.1.G6.PU,
Arab World,ARB,UIS.AFR.CS.SG.1.G7.PU,
Arab World,ARB,UIS.AFR.CS.SG.1.PU,
Arab World,ARB,UIS.AFR.GTC.2.T,
Arab World,ARB,UIS.AFR.GTC.2.F,
Arab World,ARB,UIS.AFR.GTC.1T3.T,
Arab World,ARB,UIS.AFR.GTC.1T3.F,
Arab World,ARB,UIS.AFR.GTC.1.T,
Arab World,ARB,UIS.AFR.GTC.1.F,
Arab World,ARB,UIS.AFR.GTC.UK.T,
Arab World,ARB,UIS.AFR.GTC.UK.F,
Arab World,ARB,UIS.AFR.GTC.3.T,
Arab World,ARB,UIS.AFR.GTC.3.F,
Arab World,ARB,UIS.AFR.TRNTP.2.PU.F,
Arab World,ARB,UIS.AFR.TRNTP.1.PU.F,
Arab World,ARB,UIS.AFR.TRNTP.3.PU.F,
Arab World,ARB,UIS.AFR.NTP.2.PU.F,
Arab World,ARB,UIS.AFR.NTP.1.PU.F,
Arab World,ARB,UIS.AFR.NTP.3.PU.F,
Arab World,ARB,UIS.AFR.SCHBSP.2.PU.WELEC,
Arab World,ARB,UIS.AFR.SCHBSP.2.PU.WPOWAT,
Arab World,ARB,UIS.AFR.SCHBSP.2.PU.MIXTOIL,
Arab World,ARB,UIS.AFR.SCHBSP.2.PU.WNIELEC,
Arab World,ARB,UIS.AFR.SCHBSP.2.PU.WNIPOWAT,
Arab World,ARB,UIS.AFR.SCHBSP.2.PU.WNITOIL,
Arab World,ARB,UIS.AFR.SCHBSP.2.PU.WSTOIL,
Arab World,ARB,UIS.AFR.SCHBSP.2.PU.WTOIL,
Arab World,ARB,UIS.AFR.SCHBSP.2.PU.WOELEC,
Arab World,ARB,UIS.AFR.SCHBSP.2.PU.WOPOWAT,
Arab World,ARB,UIS.AFR.SCHBSP.2.PU.WOTOIL,
Arab World,ARB,UIS.AFR.TRNTP.2.PU.M,
Arab World,ARB,UIS.AFR.TRNTP.1.PU.M,
Arab World,ARB,UIS.AFR.TRNTP.3.PU.M,
Arab World,ARB,UIS.AFR.NTP.2.PU.M,
Arab World,ARB,UIS.AFR.NTP.1.PU.M,
Arab World,ARB,UIS.AFR.NTP.3.PU.M,
Arab World,ARB,UIS.AFR.FNTP.2,
Arab World,ARB,UIS.AFR.TRNTP.2.PU.T,
Arab World,ARB,UIS.AFR.FNTP.1,
Arab World,ARB,UIS.AFR.TRNTP.1.PU.T,
Arab World,ARB,UIS.AFR.FNTP.3,
Arab World,ARB,UIS.AFR.TRNTP.3.PU.T,
Arab World,ARB,UIS.AFR.ECP.MG.1.PU,
Arab World,ARB,UIS.AFR.SCHBSP.1.PU.WELEC,
Arab World,ARB,UIS.AFR.SCHBSP.1.PU.WPOWAT,
Arab World,ARB,UIS.AFR.SCHBSP.1.PU.MIXTOIL,
Arab World,ARB,UIS.AFR.SCHBSP.1.PU.WNIELEC,
Arab World,ARB,UIS.AFR.SCHBSP.1.PU.WNIPOWAT,
Arab World,ARB,UIS.AFR.SCHBSP.1.PU.WNITOIL,
Arab World,ARB,UIS.AFR.SCHBSP.1.PU.WSTOIL,
Arab World,ARB,UIS.AFR.SCHBSP.1.PU.WTOIL,
Arab World,ARB,UIS.AFR.SCHBSP.1.PU.WOELEC,
Arab World,ARB,UIS.AFR.SCHBSP.1.PU.WOPOWAT,
Arab World,ARB,UIS.AFR.SCHBSP.1.PU.WOTOIL,
Arab World,ARB,UIS.AFR.NTP.2.PU.T,
Arab World,ARB,UIS.AFR.NTP.1.PU.T,
Arab World,ARB,UIS.AFR.NTP.3.PU.T,
Arab World,ARB,UIS.AFR.GTCTR.2.T,
Arab World,ARB,UIS.AFR.GTCTR.2.F,
Arab World,ARB,UIS.AFR.GTCTR.2.M,
Arab World,ARB,UIS.AFR.GTCTR.1.T,
Arab World,ARB,UIS.AFR.GTCTR.1.F,
Arab World,ARB,UIS.AFR.GTCTR.1.M,
Arab World,ARB,UIS.AFR.GTCTR.3.T,
Arab World,ARB,UIS.AFR.GTCTR.3.F,
Arab World,ARB,UIS.AFR.GTCTR.3.M,
Arab World,ARB,UIS.AFR.SCHCENRESPR.1.PU,
Arab World,ARB,UIS.AFR.SCHCENRESPR.23.PU,
Arab World,ARB,UIS.AFR.TATTRR.2.PU.T,
Arab World,ARB,UIS.AFR.TATTRR.2.Pu.F,
Arab World,ARB,UIS.AFR.TATTRR.2.Pu.M,
Arab World,ARB,UIS.AFR.TATTRR.1.PU.T,
Arab World,ARB,UIS.AFR.TATTRR.1.PU.F,
Arab World,ARB,UIS.AFR.TATTRR.1.PU.M,
Arab World,ARB,UIS.AFR.TATTRR.3.Pu.T,
Arab World,ARB,UIS.AFR.TATTRR.3.Pu.F,
Arab World,ARB,UIS.AFR.TATTRR.3.Pu.M,
Arab World,ARB,UIS.XSPENDP.2.FDPUB.FNS,
Arab World,ARB,UIS.XSPENDP.4.FDPUB.FNS,
Arab World,ARB,UIS.XSPENDP.0.FDPUB.FNS,
Arab World,ARB,UIS.XSPENDP.1.FDPUB.FNS,
Arab World,ARB,UIS.XSPENDP.FDPUB.FNS,
Arab World,ARB,UIS.XSPENDP.23.FDPUB.FNS,
Arab World,ARB,UIS.XSPENDP.56.FDPUB.FNS,
Arab World,ARB,UIS.XSPENDP.3.FDPUB.FNS,
Arab World,ARB,OECD.TSAL.2.E10,
Arab World,ARB,OECD.TSAL.2.E15,
Arab World,ARB,OECD.TSAL.2.E0,
Arab World,ARB,OECD.TSAL.2.ETOP,
Arab World,ARB,OECD.TSAL.0.E10,
Arab World,ARB,OECD.TSAL.0.E15,
Arab World,ARB,OECD.TSAL.0.E0,
Arab World,ARB,OECD.TSAL.0.ETOP,
Arab World,ARB,OECD.TSAL.1.E10,
Arab World,ARB,OECD.TSAL.1.E15,
Arab World,ARB,OECD.TSAL.1.E0,
Arab World,ARB,OECD.TSAL.1.ETOP,
Arab World,ARB,OECD.TSAL.3.E10,
Arab World,ARB,OECD.TSAL.3.E15,
Arab World,ARB,OECD.TSAL.3.E0,
Arab World,ARB,OECD.TSAL.3.ETOP,
Arab World,ARB,BAR.PRM.SCHL.15UP.FE,
Arab World,ARB,BAR.PRM.SCHL.15UP,
Arab World,ARB,BAR.PRM.SCHL.1519.FE,
Arab World,ARB,BAR.PRM.SCHL.1519,
Arab World,ARB,BAR.PRM.SCHL.2024.FE,
Arab World,ARB,BAR.PRM.SCHL.2024,
Arab World,ARB,BAR.PRM.SCHL.25UP.FE,
Arab World,ARB,BAR.PRM.SCHL.25UP,
Arab World,ARB,BAR.PRM.SCHL.2529.FE,
Arab World,ARB,BAR.PRM.SCHL.2529,
Arab World,ARB,BAR.PRM.SCHL.3034.FE,
Arab World,ARB,BAR.PRM.SCHL.3034,
Arab World,ARB,BAR.PRM.SCHL.3539.FE,
Arab World,ARB,BAR.PRM.SCHL.3539,
Arab World,ARB,BAR.PRM.SCHL.4044.FE,
Arab World,ARB,BAR.PRM.SCHL.4044,
Arab World,ARB,BAR.PRM.SCHL.4549.FE,
Arab World,ARB,BAR.PRM.SCHL.4549,
Arab World,ARB,BAR.PRM.SCHL.5054.FE,
Arab World,ARB,BAR.PRM.SCHL.5054,
Arab World,ARB,BAR.PRM.SCHL.5559.FE,
Arab World,ARB,BAR.PRM.SCHL.5559,
Arab World,ARB,BAR.PRM.SCHL.6064.FE,
Arab World,ARB,BAR.PRM.SCHL.6064,
Arab World,ARB,BAR.PRM.SCHL.6569.FE,
Arab World,ARB,BAR.PRM.SCHL.6569,
Arab World,ARB,BAR.PRM.SCHL.7074.FE,
Arab World,ARB,BAR.PRM.SCHL.7074,
Arab World,ARB,BAR.PRM.SCHL.75UP.FE,
Arab World,ARB,BAR.PRM.SCHL.75UP,
Arab World,ARB,BAR.SEC.SCHL.15UP.FE,
Arab World,ARB,BAR.SEC.SCHL.15UP,
Arab World,ARB,BAR.SEC.SCHL.1519.FE,
Arab World,ARB,BAR.SEC.SCHL.1519,
Arab World,ARB,BAR.SEC.SCHL.2024.FE,
Arab World,ARB,BAR.SEC.SCHL.2024,
Arab World,ARB,BAR.SEC.SCHL.25UP.FE,
Arab World,ARB,BAR.SEC.SCHL.25UP,
Arab World,ARB,BAR.SEC.SCHL.2529.FE,
Arab World,ARB,BAR.SEC.SCHL.2529,
Arab World,ARB,BAR.SEC.SCHL.3034.FE,
Arab World,ARB,BAR.SEC.SCHL.3034,
Arab World,ARB,BAR.SEC.SCHL.3539.FE,
Arab World,ARB,BAR.SEC.SCHL.3539,
Arab World,ARB,BAR.SEC.SCHL.4044.FE,
Arab World,ARB,BAR.SEC.SCHL.4044,
Arab World,ARB,BAR.SEC.SCHL.4549.FE,
Arab World,ARB,BAR.SEC.SCHL.4549,
Arab World,ARB,BAR.SEC.SCHL.5054.FE,
Arab World,ARB,BAR.SEC.SCHL.5054,
Arab World,ARB,BAR.SEC.SCHL.5559.FE,
Arab World,ARB,BAR.SEC.SCHL.5559,
Arab World,ARB,BAR.SEC.SCHL.6064.FE,
Arab World,ARB,BAR.SEC.SCHL.6064,
Arab World,ARB,BAR.SEC.SCHL.6569.FE,
Arab World,ARB,BAR.SEC.SCHL.6569,
Arab World,ARB,BAR.SEC.SCHL.7074.FE,
Arab World,ARB,BAR.SEC.SCHL.7074,
Arab World,ARB,BAR.SEC.SCHL.75UP.FE,
Arab World,ARB,BAR.SEC.SCHL.75UP,
Arab World,ARB,BAR.TER.SCHL.15UP.FE,
Arab World,ARB,BAR.TER.SCHL.15UP,
Arab World,ARB,BAR.TER.SCHL.1519.FE,
Arab World,ARB,BAR.TER.SCHL.1519,
Arab World,ARB,BAR.TER.SCHL.2024.FE,
Arab World,ARB,BAR.TER.SCHL.2024,
Arab World,ARB,BAR.TER.SCHL.25UP.FE,
Arab World,ARB,BAR.TER.SCHL.25UP,
Arab World,ARB,BAR.TER.SCHL.2529.FE,
Arab World,ARB,BAR.TER.SCHL.2529,
Arab World,ARB,BAR.TER.SCHL.3034.FE,
Arab World,ARB,BAR.TER.SCHL.3034,
Arab World,ARB,BAR.TER.SCHL.3539.FE,
Arab World,ARB,BAR.TER.SCHL.3539,
Arab World,ARB,BAR.TER.SCHL.4044.FE,
Arab World,ARB,BAR.TER.SCHL.4044,
Arab World,ARB,BAR.TER.SCHL.4549.FE,
Arab World,ARB,BAR.TER.SCHL.4549,
Arab World,ARB,BAR.TER.SCHL.5054.FE,
Arab World,ARB,BAR.TER.SCHL.5054,
Arab World,ARB,BAR.TER.SCHL.5559.FE,
Arab World,ARB,BAR.TER.SCHL.5559,
Arab World,ARB,BAR.TER.SCHL.6064.FE,
Arab World,ARB,BAR.TER.SCHL.6064,
Arab World,ARB,BAR.TER.SCHL.6569.FE,
Arab World,ARB,BAR.TER.SCHL.6569,
Arab World,ARB,BAR.TER.SCHL.7074.FE,
Arab World,ARB,BAR.TER.SCHL.7074,
Arab World,ARB,BAR.TER.SCHL.75UP.FE,
Arab World,ARB,BAR.TER.SCHL.75UP,
Arab World,ARB,BAR.SCHL.15UP.FE,
Arab World,ARB,BAR.SCHL.15UP,
Arab World,ARB,BAR.SCHL.1519.FE,
Arab World,ARB,BAR.SCHL.1519,
Arab World,ARB,BAR.SCHL.2024.FE,
Arab World,ARB,BAR.SCHL.2024,
Arab World,ARB,BAR.SCHL.25UP.FE,
Arab World,ARB,BAR.SCHL.25UP,
Arab World,ARB,BAR.SCHL.2529.FE,
Arab World,ARB,BAR.SCHL.2529,
Arab World,ARB,BAR.SCHL.3034.FE,
Arab World,ARB,BAR.SCHL.3034,
Arab World,ARB,BAR.SCHL.3539.FE,
Arab World,ARB,BAR.SCHL.3539,
Arab World,ARB,BAR.SCHL.4044.FE,
Arab World,ARB,BAR.SCHL.4044,
Arab World,ARB,BAR.SCHL.4549.FE,
Arab World,ARB,BAR.SCHL.4549,
Arab World,ARB,BAR.SCHL.5054.FE,
Arab World,ARB,BAR.SCHL.5054,
Arab World,ARB,BAR.SCHL.5559.FE,
Arab World,ARB,BAR.SCHL.5559,
Arab World,ARB,BAR.SCHL.6064.FE,
Arab World,ARB,BAR.SCHL.6064,
Arab World,ARB,BAR.SCHL.6569.FE,
Arab World,ARB,BAR.SCHL.6569,
Arab World,ARB,BAR.SCHL.7074.FE,
Arab World,ARB,BAR.SCHL.7074,
Arab World,ARB,BAR.SCHL.75UP.FE,
Arab World,ARB,BAR.SCHL.75UP,
Arab World,ARB,BAR.NOED.15UP.FE.ZS,
Arab World,ARB,BAR.PRM.CMPT.15UP.FE.ZS,
Arab World,ARB,BAR.PRM.ICMP.15UP.FE.ZS,
Arab World,ARB,BAR.SEC.CMPT.15UP.FE.ZS,
Arab World,ARB,BAR.SEC.ICMP.15UP.FE.ZS,
Arab World,ARB,BAR.TER.CMPT.15UP.FE.ZS,
Arab World,ARB,BAR.TER.ICMP.15UP.FE.ZS,
Arab World,ARB,BAR.NOED.1519.FE.ZS,
Arab World,ARB,BAR.PRM.CMPT.1519.FE.ZS,
Arab World,ARB,BAR.PRM.ICMP.1519.FE.ZS,
Arab World,ARB,BAR.SEC.CMPT.1519.FE.ZS,
Arab World,ARB,BAR.SEC.ICMP.1519.FE.ZS,
Arab World,ARB,BAR.TER.CMPT.1519.FE.ZS,
Arab World,ARB,BAR.TER.ICMP.1519.FE.ZS,
Arab World,ARB,BAR.NOED.2024.FE.ZS,
Arab World,ARB,BAR.PRM.CMPT.2024.FE.ZS,
Arab World,ARB,BAR.PRM.ICMP.2024.FE.ZS,
Arab World,ARB,BAR.SEC.CMPT.2024.FE.ZS,
Arab World,ARB,BAR.SEC.ICMP.2024.FE.ZS,
Arab World,ARB,BAR.TER.CMPT.2024.FE.ZS,
Arab World,ARB,BAR.TER.ICMP.2024.FE.ZS,
Arab World,ARB,BAR.NOED.25UP.FE.ZS,
Arab World,ARB,BAR.PRM.CMPT.25UP.FE.ZS,
Arab World,ARB,BAR.PRM.ICMP.25UP.FE.ZS,
Arab World,ARB,BAR.SEC.CMPT.25UP.FE.ZS,
Arab World,ARB,BAR.SEC.ICMP.25UP.FE.ZS,
Arab World,ARB,BAR.TER.CMPT.25UP.FE.ZS,
Arab World,ARB,BAR.TER.ICMP.25UP.FE.ZS,
Arab World,ARB,BAR.NOED.2529.FE.ZS,
Arab World,ARB,BAR.PRM.CMPT.2529.FE.ZS,
Arab World,ARB,BAR.PRM.ICMP.2529.FE.ZS,
Arab World,ARB,BAR.SEC.CMPT.2529.FE.ZS,
Arab World,ARB,BAR.SEC.ICMP.2529.FE.ZS,
Arab World,ARB,BAR.TER.CMPT.2529.FE.ZS,
Arab World,ARB,BAR.TER.ICMP.2529.FE.ZS,
Arab World,ARB,BAR.NOED.3034.FE.ZS,
Arab World,ARB,BAR.PRM.CMPT.3034.FE.ZS,
Arab World,ARB,BAR.PRM.ICMP.3034.FE.ZS,
Arab World,ARB,BAR.SEC.CMPT.3034.FE.ZS,
Arab World,ARB,BAR.SEC.ICMP.3034.FE.ZS,
Arab World,ARB,BAR.TER.CMPT.3034.FE.ZS,
Arab World,ARB,BAR.TER.ICMP.3034.FE.ZS,
Arab World,ARB,BAR.NOED.3539.FE.ZS,
Arab World,ARB,BAR.PRM.CMPT.3539.FE.ZS,
Arab World,ARB,BAR.PRM.ICMP.3539.FE.ZS,
Arab World,ARB,BAR.SEC.CMPT.3539.FE.ZS,
Arab World,ARB,BAR.SEC.ICMP.3539.FE.ZS,
Arab World,ARB,BAR.TER.CMPT.3539.FE.ZS,
Arab World,ARB,BAR.TER.ICMP.3539.FE.ZS,
Arab World,ARB,BAR.NOED.4044.FE.ZS,
Arab World,ARB,BAR.PRM.CMPT.4044.FE.ZS,
Arab World,ARB,BAR.PRM.ICMP.4044.FE.ZS,
Arab World,ARB,BAR.SEC.CMPT.4044.FE.ZS,
Arab World,ARB,BAR.SEC.ICMP.4044.FE.ZS,
Arab World,ARB,BAR.TER.CMPT.4044.FE.ZS,
Arab World,ARB,BAR.TER.ICMP.4044.FE.ZS,
Arab World,ARB,BAR.NOED.4549.FE.ZS,
Arab World,ARB,BAR.PRM.CMPT.4549.FE.ZS,
Arab World,ARB,BAR.PRM.ICMP.4549.FE.ZS,
Arab World,ARB,BAR.SEC.CMPT.4549.FE.ZS,
Arab World,ARB,BAR.SEC.ICMP.4549.FE.ZS,
Arab World,ARB,BAR.TER.CMPT.4549.FE.ZS,
Arab World,ARB,BAR.TER.ICMP.4549.FE.ZS,
Arab World,ARB,BAR.NOED.5054.FE.ZS,
Arab World,ARB,BAR.PRM.CMPT.5054.FE.ZS,
Arab World,ARB,BAR.PRM.ICMP.5054.FE.ZS,
Arab World,ARB,BAR.SEC.CMPT.5054.FE.ZS,
Arab World,ARB,BAR.SEC.ICMP.5054.FE.ZS,
Arab World,ARB,BAR.TER.CMPT.5054.FE.ZS,
Arab World,ARB,BAR.TER.ICMP.5054.FE.ZS,
Arab World,ARB,BAR.NOED.5559.FE.ZS,
Arab World,ARB,BAR.PRM.CMPT.5559.FE.ZS,
Arab World,ARB,BAR.PRM.ICMP.5559.FE.ZS,
Arab World,ARB,BAR.SEC.CMPT.5559.FE.ZS,
Arab World,ARB,BAR.SEC.ICMP.5559.FE.ZS,
Arab World,ARB,BAR.TER.CMPT.5559.FE.ZS,
Arab World,ARB,BAR.TER.ICMP.5559.FE.ZS,
Arab World,ARB,BAR.NOED.6064.FE.ZS,
Arab World,ARB,BAR.PRM.CMPT.6064.FE.ZS,
Arab World,ARB,BAR.PRM.ICMP.6064.FE.ZS,
Arab World,ARB,BAR.SEC.CMPT.6064.FE.ZS,
Arab World,ARB,BAR.SEC.ICMP.6064.FE.ZS,
Arab World,ARB,BAR.TER.CMPT.6064.FE.ZS,
Arab World,ARB,BAR.TER.ICMP.6064.FE.ZS,
Arab World,ARB,BAR.NOED.6569.FE.ZS,
Arab World,ARB,BAR.PRM.CMPT.6569.FE.ZS,
Arab World,ARB,BAR.PRM.ICMP.6569.FE.ZS,
Arab World,ARB,BAR.SEC.CMPT.6569.FE.ZS,
Arab World,ARB,BAR.SEC.ICMP.6569.FE.ZS,
Arab World,ARB,BAR.TER.CMPT.6569.FE.ZS,
Arab World,ARB,BAR.TER.ICMP.6569.FE.ZS,
Arab World,ARB,BAR.NOED.7074.FE.ZS,
Arab World,ARB,BAR.PRM.CMPT.7074.FE.ZS,
Arab World,ARB,BAR.PRM.ICMP.7074.FE.ZS,
Arab World,ARB,BAR.SEC.CMPT.7074.FE.ZS,
Arab World,ARB,BAR.SEC.ICMP.7074.FE.ZS,
Arab World,ARB,BAR.TER.CMPT.7074.FE.ZS,
Arab World,ARB,BAR.TER.ICMP.7074.FE.ZS,
Arab World,ARB,BAR.NOED.75UP.FE.ZS,
Arab World,ARB,BAR.PRM.CMPT.75UP.FE.ZS,
Arab World,ARB,BAR.PRM.ICMP.75UP.FE.ZS,
Arab World,ARB,BAR.SEC.CMPT.75UP.FE.ZS,
Arab World,ARB,BAR.SEC.ICMP.75UP.FE.ZS,
Arab World,ARB,BAR.TER.CMPT.75UP.FE.ZS,
Arab World,ARB,BAR.TER.ICMP.75UP.FE.ZS,
Arab World,ARB,BAR.NOED.15UP.ZS,
Arab World,ARB,BAR.PRM.CMPT.15UP.ZS,
Arab World,ARB,BAR.PRM.ICMP.15UP.ZS,
Arab World,ARB,BAR.SEC.CMPT.15UP.ZS,
Arab World,ARB,BAR.SEC.ICMP.15UP.ZS,
Arab World,ARB,BAR.TER.CMPT.15UP.ZS,
Arab World,ARB,BAR.TER.ICMP.15UP.ZS,
Arab World,ARB,BAR.NOED.1519.ZS,
Arab World,ARB,BAR.PRM.CMPT.1519.ZS,
Arab World,ARB,BAR.PRM.ICMP.1519.ZS,
Arab World,ARB,BAR.SEC.CMPT.1519.ZS,
Arab World,ARB,BAR.SEC.ICMP.1519.ZS,
Arab World,ARB,BAR.TER.CMPT.1519.ZS,
Arab World,ARB,BAR.TER.ICMP.1519.ZS,
Arab World,ARB,BAR.NOED.2024.ZS,
Arab World,ARB,BAR.PRM.CMPT.2024.ZS,
Arab World,ARB,BAR.PRM.ICMP.2024.ZS,
Arab World,ARB,BAR.SEC.CMPT.2024.ZS,
Arab World,ARB,BAR.SEC.ICMP.2024.ZS,
Arab World,ARB,BAR.TER.CMPT.2024.ZS,
Arab World,ARB,BAR.TER.ICMP.2024.ZS,
Arab World,ARB,BAR.NOED.25UP.ZS,
Arab World,ARB,BAR.PRM.CMPT.25UP.ZS,
Arab World,ARB,BAR.PRM.ICMP.25UP.ZS,
Arab World,ARB,BAR.SEC.CMPT.25UP.ZS,
Arab World,ARB,BAR.SEC.ICMP.25UP.ZS,
Arab World,ARB,BAR.TER.CMPT.25UP.ZS,
Arab World,ARB,BAR.TER.ICMP.25UP.ZS,
Arab World,ARB,BAR.NOED.2529.ZS,
Arab World,ARB,BAR.PRM.CMPT.2529.ZS,
Arab World,ARB,BAR.PRM.ICMP.2529.ZS,
Arab World,ARB,BAR.SEC.CMPT.2529.ZS,
Arab World,ARB,BAR.SEC.ICMP.2529.ZS,
Arab World,ARB,BAR.TER.CMPT.2529.ZS,
Arab World,ARB,BAR.TER.ICMP.2529.ZS,
Arab World,ARB,BAR.NOED.3034.ZS,
Arab World,ARB,BAR.PRM.CMPT.3034.ZS,
Arab World,ARB,BAR.PRM.ICMP.3034.ZS,
Arab World,ARB,BAR.SEC.CMPT.3034.ZS,
Arab World,ARB,BAR.SEC.ICMP.3034.ZS,
Arab World,ARB,BAR.TER.CMPT.3034.ZS,
Arab World,ARB,BAR.TER.ICMP.3034.ZS,
Arab World,ARB,BAR.NOED.3539.ZS,
Arab World,ARB,BAR.PRM.CMPT.3539.ZS,
Arab World,ARB,BAR.PRM.ICMP.3539.ZS,
Arab World,ARB,BAR.SEC.CMPT.3539.ZS,
Arab World,ARB,BAR.SEC.ICMP.3539.ZS,
Arab World,ARB,BAR.TER.CMPT.3539.ZS,
Arab World,ARB,BAR.TER.ICMP.3539.ZS,
Arab World,ARB,BAR.NOED.4044.ZS,
Arab World,ARB,BAR.PRM.CMPT.4044.ZS,
Arab World,ARB,BAR.PRM.ICMP.4044.ZS,
Arab World,ARB,BAR.SEC.CMPT.4044.ZS,
Arab World,ARB,BAR.SEC.ICMP.4044.ZS,
Arab World,ARB,BAR.TER.CMPT.4044.ZS,
Arab World,ARB,BAR.TER.ICMP.4044.ZS,
Arab World,ARB,BAR.NOED.4549.ZS,
Arab World,ARB,BAR.PRM.CMPT.4549.ZS,
Arab World,ARB,BAR.PRM.ICMP.4549.ZS,
Arab World,ARB,BAR.SEC.CMPT.4549.ZS,
Arab World,ARB,BAR.SEC.ICMP.4549.ZS,
Arab World,ARB,BAR.TER.CMPT.4549.ZS,
Arab World,ARB,BAR.TER.ICMP.4549.ZS,
Arab World,ARB,BAR.NOED.5054.ZS,
Arab World,ARB,BAR.PRM.CMPT.5054.ZS,
Arab World,ARB,BAR.PRM.ICMP.5054.ZS,
Arab World,ARB,BAR.SEC.CMPT.5054.ZS,
Arab World,ARB,BAR.SEC.ICMP.5054.ZS,
Arab World,ARB,BAR.TER.CMPT.5054.ZS,
Arab World,ARB,BAR.TER.ICMP.5054.ZS,
Arab World,ARB,BAR.NOED.5559.ZS,
Arab World,ARB,BAR.PRM.CMPT.5559.ZS,
Arab World,ARB,BAR.PRM.ICMP.5559.ZS,
Arab World,ARB,BAR.SEC.CMPT.5559.ZS,
Arab World,ARB,BAR.SEC.ICMP.5559.ZS,
Arab World,ARB,BAR.TER.CMPT.5559.ZS,
Arab World,ARB,BAR.TER.ICMP.5559.ZS,
Arab World,ARB,BAR.NOED.6064.ZS,
Arab World,ARB,BAR.PRM.CMPT.6064.ZS,
Arab World,ARB,BAR.PRM.ICMP.6064.ZS,
Arab World,ARB,BAR.SEC.CMPT.6064.ZS,
Arab World,ARB,BAR.SEC.ICMP.6064.ZS,
Arab World,ARB,BAR.TER.CMPT.6064.ZS,
Arab World,ARB,BAR.TER.ICMP.6064.ZS,
Arab World,ARB,BAR.NOED.6569.ZS,
Arab World,ARB,BAR.PRM.CMPT.6569.ZS,
Arab World,ARB,BAR.PRM.ICMP.6569.ZS,
Arab World,ARB,BAR.SEC.CMPT.6569.ZS,
Arab World,ARB,BAR.SEC.ICMP.6569.ZS,
Arab World,ARB,BAR.TER.CMPT.6569.ZS,
Arab World,ARB,BAR.TER.ICMP.6569.ZS,
Arab World,ARB,BAR.NOED.7074.ZS,
Arab World,ARB,BAR.PRM.CMPT.7074.ZS,
Arab World,ARB,BAR.PRM.ICMP.7074.ZS,
Arab World,ARB,BAR.SEC.CMPT.7074.ZS,
Arab World,ARB,BAR.SEC.ICMP.7074.ZS,
Arab World,ARB,BAR.TER.CMPT.7074.ZS,
Arab World,ARB,BAR.TER.ICMP.7074.ZS,
Arab World,ARB,BAR.NOED.75UP.ZS,
Arab World,ARB,BAR.PRM.CMPT.75UP.ZS,
Arab World,ARB,BAR.PRM.ICMP.75UP.ZS,
Arab World,ARB,BAR.SEC.CMPT.75UP.ZS,
Arab World,ARB,BAR.SEC.ICMP.75UP.ZS,
Arab World,ARB,BAR.TER.CMPT.75UP.ZS,
Arab World,ARB,BAR.TER.ICMP.75UP.ZS,
Arab World,ARB,BAR.POP.15UP.FE,
Arab World,ARB,BAR.POP.15UP,
Arab World,ARB,BAR.POP.1519.FE,
Arab World,ARB,BAR.POP.1519,
Arab World,ARB,BAR.POP.2024.FE,
Arab World,ARB,BAR.POP.2024,
Arab World,ARB,BAR.POP.25UP.FE,
Arab World,ARB,BAR.POP.25UP,
Arab World,ARB,BAR.POP.2529.FE,
Arab World,ARB,BAR.POP.2529,
Arab World,ARB,BAR.POP.3034.FE,
Arab World,ARB,BAR.POP.3034,
Arab World,ARB,BAR.POP.3539.FE,
Arab World,ARB,BAR.POP.3539,
Arab World,ARB,BAR.POP.4044.FE,
Arab World,ARB,BAR.POP.4044,
Arab World,ARB,BAR.POP.4549.FE,
Arab World,ARB,BAR.POP.4549,
Arab World,ARB,BAR.POP.5054.FE,
Arab World,ARB,BAR.POP.5054,
Arab World,ARB,BAR.POP.5559.FE,
Arab World,ARB,BAR.POP.5559,
Arab World,ARB,BAR.POP.6064.FE,
Arab World,ARB,BAR.POP.6064,
Arab World,ARB,BAR.POP.6569.FE,
Arab World,ARB,BAR.POP.6569,
Arab World,ARB,BAR.POP.7074.FE,
Arab World,ARB,BAR.POP.7074,
Arab World,ARB,BAR.POP.75UP.FE,
Arab World,ARB,BAR.POP.75UP,
Arab World,ARB,UIS.XSPENDP.2.FDPUB.FNCAP,
Arab World,ARB,UIS.XSPENDP.4.FDPUB.FNCAP,
Arab World,ARB,UIS.XSPENDP.0.FDPUB.FNCAP,
Arab World,ARB,UIS.XSPENDP.1.FDPUB.FNCAP,
Arab World,ARB,UIS.XSPENDP.FDPUB.FNCAP,
Arab World,ARB,UIS.XSPENDP.23.FDPUB.FNCAP,
Arab World,ARB,UIS.XSPENDP.56.FDPUB.FNCAP,
Arab World,ARB,UIS.XSPENDP.3.FDPUB.FNCAP,
Arab World,ARB,UIS.DR.2.GPV.T,
Arab World,ARB,UIS.DR.2.GPV.F,
Arab World,ARB,UIS.DR.2.GPV.M,
Arab World,ARB,SE.PRM.DROP.ZS,
Arab World,ARB,SE.PRM.DROP.FE.ZS,
Arab World,ARB,SE.PRM.DROP.MA.ZS,
Arab World,ARB,UIS.XSPENDP.2.FDPUB.FNCUR,
Arab World,ARB,UIS.XSPENDP.4.FDPUB.FNCUR,
Arab World,ARB,UIS.XSPENDP.0.FDPUB.FNCUR,
Arab World,ARB,UIS.XSPENDP.1.FDPUB.FNCUR,
Arab World,ARB,SE.XPD.CUR.TOTL.ZS,
Arab World,ARB,UIS.XSPENDP.23.FDPUB.FNCUR,
Arab World,ARB,UIS.XSPENDP.56.FDPUB.FNCUR,
Arab World,ARB,UIS.XSPENDP.3.FDPUB.FNCUR,
Arab World,ARB,UIS.XSPENDP.2.FDPUB.FNNONS,
Arab World,ARB,UIS.XSPENDP.4.FDPUB.FNNONS,
Arab World,ARB,UIS.XSPENDP.0.FDPUB.FNNONS,
Arab World,ARB,UIS.XSPENDP.1.FDPUB.FNNONS,
Arab World,ARB,UIS.XSPENDP.FDPUB.FNNONS,
Arab World,ARB,UIS.XSPENDP.23.FDPUB.FNNONS,
Arab World,ARB,UIS.XSPENDP.56.FDPUB.FNNONS,
Arab World,ARB,UIS.XSPENDP.3.FDPUB.FNNONS,
Arab World,ARB,HH.DHS.YRS.1519,
Arab World,ARB,HH.DHS.YRS.1519.F,
Arab World,ARB,HH.DHS.YRS.1519.M,
Arab World,ARB,HH.DHS.YRS.1519.Q1,
Arab World,ARB,HH.DHS.YRS.1519.Q2,
Arab World,ARB,HH.DHS.YRS.1519.Q3,
Arab World,ARB,HH.DHS.YRS.1519.Q4,
Arab World,ARB,HH.DHS.YRS.1519.Q5,
Arab World,ARB,HH.DHS.YRS.1519.R,
Arab World,ARB,HH.DHS.YRS.1519.U,
Arab World,ARB,HH.DHS.YRS.15UP.GIN,
Arab World,ARB,HH.DHS.YRS.15UP.GIN.F,
Arab World,ARB,HH.DHS.YRS.15UP.GIN.M,
Arab World,ARB,HH.DHS.YRS.15UP.GIN.Q1,
Arab World,ARB,HH.DHS.YRS.15UP.GIN.Q2,
Arab World,ARB,HH.DHS.YRS.15UP.GIN.Q3,
Arab World,ARB,HH.DHS.YRS.15UP.GIN.Q4,
Arab World,ARB,HH.DHS.YRS.15UP.GIN.Q5,
Arab World,ARB,HH.DHS.YRS.15UP.GIN.R,
Arab World,ARB,HH.DHS.YRS.15UP.GIN.U,
Arab World,ARB,HH.DHS.GAR.456,
Arab World,ARB,HH.DHS.GAR.456.F,
Arab World,ARB,HH.DHS.GAR.456.M,
Arab World,ARB,HH.DHS.GAR.456.Q1,
Arab World,ARB,HH.DHS.GAR.456.Q2,
Arab World,ARB,HH.DHS.GAR.456.Q3,
Arab World,ARB,HH.DHS.GAR.456.Q4,
Arab World,ARB,HH.DHS.GAR.456.Q5,
Arab World,ARB,HH.DHS.GAR.456.R,
Arab World,ARB,HH.DHS.GAR.456.U,
Arab World,ARB,HH.DHS.NAR.1,
Arab World,ARB,HH.DHS.NAR.1.F,
Arab World,ARB,HH.DHS.NAR.1.M,
Arab World,ARB,HH.DHS.NAR.1.Q1,
Arab World,ARB,HH.DHS.NAR.1.Q2,
Arab World,ARB,HH.DHS.NAR.1.Q3,
Arab World,ARB,HH.DHS.NAR.1.Q4,
Arab World,ARB,HH.DHS.NAR.1.Q5,
Arab World,ARB,HH.DHS.NAR.1.R,
Arab World,ARB,HH.DHS.NAR.1.U,
Arab World,ARB,HH.DHS.NAR.23,
Arab World,ARB,HH.DHS.NAR.23.F,
Arab World,ARB,HH.DHS.NAR.23.M,
Arab World,ARB,HH.DHS.NAR.23.Q1,
Arab World,ARB,HH.DHS.NAR.23.Q2,
Arab World,ARB,HH.DHS.NAR.23.Q3,
Arab World,ARB,HH.DHS.NAR.23.Q4,
Arab World,ARB,HH.DHS.NAR.23.Q5,
Arab World,ARB,HH.DHS.NAR.23.R,
Arab World,ARB,HH.DHS.NAR.23.U,
Arab World,ARB,HH.DHS.NIR.1,
Arab World,ARB,HH.DHS.NIR.1.F,
Arab World,ARB,HH.DHS.NIR.1.M,
Arab World,ARB,HH.DHS.NIR.1.Q1,
Arab World,ARB,HH.DHS.NIR.1.Q2,
Arab World,ARB,HH.DHS.NIR.1.Q3,
Arab World,ARB,HH.DHS.NIR.1.Q4,
Arab World,ARB,HH.DHS.NIR.1.Q5,
Arab World,ARB,HH.DHS.NIR.1.R,
Arab World,ARB,HH.DHS.NIR.1.U,
Arab World,ARB,HH.DHS.PCR,
Arab World,ARB,HH.DHS.PCR.F,
Arab World,ARB,HH.DHS.PCR.M,
Arab World,ARB,HH.DHS.PCR.Q1,
Arab World,ARB,HH.DHS.PCR.Q2,
Arab World,ARB,HH.DHS.PCR.Q3,
Arab World,ARB,HH.DHS.PCR.Q4,
Arab World,ARB,HH.DHS.PCR.Q5,
Arab World,ARB,HH.DHS.PCR.R,
Arab World,ARB,HH.DHS.PCR.U,
Arab World,ARB,HH.DHS.OOS.1,
Arab World,ARB,HH.DHS.OOS.1.F,
Arab World,ARB,HH.DHS.OOS.1.M,
Arab World,ARB,HH.DHS.OOS.1.Q1,
Arab World,ARB,HH.DHS.OOS.1.Q2,
Arab World,ARB,HH.DHS.OOS.1.Q3,
Arab World,ARB,HH.DHS.OOS.1.Q4,
Arab World,ARB,HH.DHS.OOS.1.Q5,
Arab World,ARB,HH.DHS.OOS.1.R,
Arab World,ARB,HH.DHS.OOS.1.U,
Arab World,ARB,HH.DHS.SCR,
Arab World,ARB,HH.DHS.SCR.F,
Arab World,ARB,HH.DHS.SCR.M,
Arab World,ARB,HH.DHS.SCR.Q1,
Arab World,ARB,HH.DHS.SCR.Q2,
Arab World,ARB,HH.DHS.SCR.Q3,
Arab World,ARB,HH.DHS.SCR.Q4,
Arab World,ARB,HH.DHS.SCR.Q5,
Arab World,ARB,HH.DHS.SCR.R,
Arab World,ARB,HH.DHS.SCR.U,
Arab World,ARB,HH.DHS.TR.12,
Arab World,ARB,HH.DHS.TR.12.F,
Arab World,ARB,HH.DHS.TR.12.M,
Arab World,ARB,HH.DHS.TR.12.Q1,
Arab World,ARB,HH.DHS.TR.12.Q2,
Arab World,ARB,HH.DHS.TR.12.Q3,
Arab World,ARB,HH.DHS.TR.12.Q4,
Arab World,ARB,HH.DHS.TR.12.Q5,
Arab World,ARB,HH.DHS.TR.12.R,
Arab World,ARB,HH.DHS.TR.12.U,
Arab World,ARB,HH.DHS.OOST.DO,
Arab World,ARB,HH.DHS.OOST.DO.F,
Arab World,ARB,HH.DHS.OOST.DO.M,
Arab World,ARB,HH.DHS.OOST.DO.Q1,
Arab World,ARB,HH.DHS.OOST.DO.Q2,
Arab World,ARB,HH.DHS.OOST.DO.Q3,
Arab World,ARB,HH.DHS.OOST.DO.Q4,
Arab World,ARB,HH.DHS.OOST.DO.Q5,
Arab World,ARB,HH.DHS.OOST.DO.R,
Arab World,ARB,HH.DHS.OOST.DO.U,
Arab World,ARB,HH.DHS.OOST.L,
Arab World,ARB,HH.DHS.OOST.L.F,
Arab World,ARB,HH.DHS.OOST.L.M,
Arab World,ARB,HH.DHS.OOST.L.Q1,
Arab World,ARB,HH.DHS.OOST.L.Q2,
Arab World,ARB,HH.DHS.OOST.L.Q3,
Arab World,ARB,HH.DHS.OOST.L.Q4,
Arab World,ARB,HH.DHS.OOST.L.Q5,
Arab World,ARB,HH.DHS.OOST.L.R,
Arab World,ARB,HH.DHS.OOST.L.U,
Arab World,ARB,HH.DHS.OOST.X,
Arab World,ARB,HH.DHS.OOST.X.F,
Arab World,ARB,HH.DHS.OOST.X.M,
Arab World,ARB,HH.DHS.OOST.X.Q1,
Arab World,ARB,HH.DHS.OOST.X.Q2,
Arab World,ARB,HH.DHS.OOST.X.Q3,
Arab World,ARB,HH.DHS.OOST.X.Q4,
Arab World,ARB,HH.DHS.OOST.X.Q5,
Arab World,ARB,HH.DHS.OOST.X.R,
Arab World,ARB,HH.DHS.OOST.X.U,
Arab World,ARB,UIS.DR.2.GPV.G1.T,
Arab World,ARB,UIS.DR.2.GPV.G1.F,
Arab World,ARB,UIS.DR.2.GPV.G1.M,
Arab World,ARB,UIS.DR.1.G1,
Arab World,ARB,UIS.DR.1.G1.F,
Arab World,ARB,UIS.DR.1.G1.M,
Arab World,ARB,UIS.DR.2.GPV.G2.T,
Arab World,ARB,UIS.DR.2.GPV.G2.F,
Arab World,ARB,UIS.DR.2.GPV.G2.M,
Arab World,ARB,UIS.DR.1.G2,
Arab World,ARB,UIS.DR.1.G2.F,
Arab World,ARB,UIS.DR.1.G2.M,
Arab World,ARB,UIS.DR.2.GPV.G3.T,
Arab World,ARB,UIS.DR.2.GPV.G3.F,
Arab World,ARB,UIS.DR.2.GPV.G3.M,
Arab World,ARB,UIS.DR.1.G3,
Arab World,ARB,UIS.DR.1.G3.F,
Arab World,ARB,UIS.DR.1.G3.M,
Arab World,ARB,UIS.DR.2.GPV.G4.T,
Arab World,ARB,UIS.DR.2.GPV.G4.F,
Arab World,ARB,UIS.DR.2.GPV.G4.M,
Arab World,ARB,UIS.DR.1.G4,
Arab World,ARB,UIS.DR.1.G4.F,
Arab World,ARB,UIS.DR.1.G4.M,
Arab World,ARB,UIS.DR.2.GPV.G5.T,
Arab World,ARB,UIS.DR.2.GPV.G5.F,
Arab World,ARB,UIS.DR.2.GPV.G5.M,
Arab World,ARB,UIS.DR.1.G5,
Arab World,ARB,UIS.DR.1.G5.F,
Arab World,ARB,UIS.DR.1.G5.M,
Arab World,ARB,UIS.DR.1.G6,
Arab World,ARB,UIS.DR.1.G6.F,
Arab World,ARB,UIS.DR.1.G6.M,
Arab World,ARB,SE.COM.DURS,
Arab World,ARB,UIS.ESL.1.T,1313036.00
Arab World,ARB,UIS.ESL.1.F,655962.00
Arab World,ARB,UIS.ESL.1.M,657074.00
Arab World,ARB,SE.SEC.PROG.ZS,
Arab World,ARB,SE.SEC.PROG.FE.ZS,
Arab World,ARB,UIS.TRANRA.23.GPV.GPI,
Arab World,ARB,SE.SEC.PROG.MA.ZS,
Arab World,ARB,LO.EGRA.CWPM.AFA.2GRD,
Arab World,ARB,LO.EGRA.CWPM.AFA.3GRD,
Arab World,ARB,LO.EGRA.CWPM.AMH.2GRD,
Arab World,ARB,LO.EGRA.CWPM.AMH.3GRD,
Arab World,ARB,LO.EGRA.CWPM.ARB.2GRD,
Arab World,ARB,LO.EGRA.CWPM.BMN.2GRD,
Arab World,ARB,LO.EGRA.CWPM.BOM.2GRD,
Arab World,ARB,LO.EGRA.CWPM.CHC.2GRD,
Arab World,ARB,LO.EGRA.CWPM.CHC.4GRD,
Arab World,ARB,LO.EGRA.CWPM.ENG.2GRD,
Arab World,ARB,LO.EGRA.CWPM.ENG.3GRD,
Arab World,ARB,LO.EGRA.CWPM.ENG.4GRD,
Arab World,ARB,LO.EGRA.CWPM.ENG.6GRD,
Arab World,ARB,LO.EGRA.CWPM.FLP.3GRD,
Arab World,ARB,LO.EGRA.CWPM.FLF.2GRD,
Arab World,ARB,LO.EGRA.CWPM.HAR.2GRD,
Arab World,ARB,LO.EGRA.CWPM.HAR.3GRD,
Arab World,ARB,LO.EGRA.CWPM.KNY.4GRD,
Arab World,ARB,LO.EGRA.CWPM.KNY.6GRD,
Arab World,ARB,LO.EGRA.CWPM.KIS.2GRD,
Arab World,ARB,LO.EGRA.CWPM.SID.2GRD,
Arab World,ARB,LO.EGRA.CWPM.SID.3GRD,
Arab World,ARB,LO.EGRA.CWPM.SOM.2GRD,
Arab World,ARB,LO.EGRA.CWPM.SOM.3GRD,
Arab World,ARB,LO.EGRA.CWPM.SNG.2GRD,
Arab World,ARB,LO.EGRA.CWPM.SPN.2GRD,
Arab World,ARB,LO.EGRA.CWPM.SPN.3GRD,
Arab World,ARB,LO.EGRA.CWPM.SPN.4GRD,
Arab World,ARB,LO.EGRA.CWPM.TIG.2GRD,
Arab World,ARB,LO.EGRA.CWPM.TIG.3GRD,
Arab World,ARB,LO.EGRA.CLPM.AFA.2GRD,
Arab World,ARB,LO.EGRA.CLPM.AFA.3GRD,
Arab World,ARB,LO.EGRA.CLPM.AMH.2GRD,
Arab World,ARB,LO.EGRA.CLPM.AMH.3GRD,
Arab World,ARB,LO.EGRA.CLPM.BMN.2GRD,
Arab World,ARB,LO.EGRA.CLPM.BOM.2GRD,
Arab World,ARB,LO.EGRA.CLPM.CHC.2GRD,
Arab World,ARB,LO.EGRA.CLPM.CHC.4GRD,
Arab World,ARB,LO.EGRA.CLPM.ENG.2GRD,
Arab World,ARB,LO.EGRA.CLPM.ENG.3GRD,
Arab World,ARB,LO.EGRA.CLPM.ENG.4GRD,
Arab World,ARB,LO.EGRA.CLPM.FRN.3GRD,
Arab World,ARB,LO.EGRA.CLPM.FLF.2GRD,
Arab World,ARB,LO.EGRA.CLPM.HAR.2GRD,
Arab World,ARB,LO.EGRA.CLPM.HAR.3GRD,
Arab World,ARB,LO.EGRA.CLPM.SID.2GRD,
Arab World,ARB,LO.EGRA.CLPM.SID.3GRD,
Arab World,ARB,LO.EGRA.CLPM.SOM.2GRD,
Arab World,ARB,LO.EGRA.CLPM.SOM.3GRD,
Arab World,ARB,LO.EGRA.CLPM.SNG.2GRD,
Arab World,ARB,LO.EGRA.CLPM.SPN.2GRD,
Arab World,ARB,LO.EGRA.CLPM.SPN.3GRD,
Arab World,ARB,LO.EGRA.CLPM.SPN.4GRD,
Arab World,ARB,LO.EGRA.CLPM.TIG.2GRD,
Arab World,ARB,LO.EGRA.CLPM.TIG.3GRD,
Arab World,ARB,LO.EGRA.CLSPM.AKU.2GRD,
Arab World,ARB,LO.EGRA.CLSPM.ARB.2GRD,
Arab World,ARB,LO.EGRA.CLSPM.ARB.3GRD,
Arab World,ARB,LO.EGRA.CLSPM.AST.2GRD,
Arab World,ARB,LO.EGRA.CLSPM.CHI.2GRD,
Arab World,ARB,LO.EGRA.CLSPM.CIN.2GRD,
Arab World,ARB,LO.EGRA.CLSPM.DAG.2GRD,
Arab World,ARB,LO.EGRA.CLSPM.DAGB.2GRD,
Arab World,ARB,LO.EGRA.CLSPM.DAN.2GRD,
Arab World,ARB,LO.EGRA.CLSPM.ENG.2GRD,
Arab World,ARB,LO.EGRA.CLSPM.ENG.3GRD,
Arab World,ARB,LO.EGRA.CLSPM.ENG.4GRD,
Arab World,ARB,LO.EGRA.CLSPM.ENG.6GRD,
Arab World,ARB,LO.EGRA.CLSPM.EWE.2GRD,
Arab World,ARB,LO.EGRA.CLSPM.FAN.2GRD,
Arab World,ARB,LO.EGRA.CLSPM.FLP.3GRD,
Arab World,ARB,LO.EGRA.CLSPM.GA.2GRD,
Arab World,ARB,LO.EGRA.CLSPM.GON.2GRD,
Arab World,ARB,LO.EGRA.CLSPM.ICI.2GRD,
Arab World,ARB,LO.EGRA.CLSPM.IND.2GRD,
Arab World,ARB,LO.EGRA.CLSPM.KAS.2GRD,
Arab World,ARB,LO.EGRA.CLSPM.KII.2GRD,
Arab World,ARB,LO.EGRA.CLSPM.KNY.4GRD,
Arab World,ARB,LO.EGRA.CLSPM.KNY.6GRD,
Arab World,ARB,LO.EGRA.CLSPM.LUN.2GRD,
Arab World,ARB,LO.EGRA.CLSPM.LUV.2GRD,
Arab World,ARB,LO.EGRA.CLSPM.NZE.2GRD,
Arab World,ARB,LO.EGRA.CLSPM.SIL.2GRD,
Arab World,ARB,LO.EGRA.NCWPM.AFA.2GRD,
Arab World,ARB,LO.EGRA.NCWPM.AFA.3GRD,
Arab World,ARB,LO.EGRA.NCWPM.AKU.2GRD,
Arab World,ARB,LO.EGRA.NCWPM.AMH.2GRD,
Arab World,ARB,LO.EGRA.NCWPM.AMH.3GRD,
Arab World,ARB,LO.EGRA.NCWPM.ARB.2GRD,
Arab World,ARB,LO.EGRA.NCWPM.ARB.3GRD,
Arab World,ARB,LO.EGRA.NCWPM.AST.2GRD,
Arab World,ARB,LO.EGRA.NCWPM.BMN.2GRD,
Arab World,ARB,LO.EGRA.NCWPM.BOM.2GRD,
Arab World,ARB,LO.EGRA.NCWPM.CHC.2GRD,
Arab World,ARB,LO.EGRA.NCWPM.CHC.4GRD,
Arab World,ARB,LO.EGRA.NCWPM.CHI.2GRD,
Arab World,ARB,LO.EGRA.NCWPM.CIN.2GRD,
Arab World,ARB,LO.EGRA.NCWPM.DAG.2GRD,
Arab World,ARB,LO.EGRA.NCWPM.DAGB.2GRD,
Arab World,ARB,LO.EGRA.NCWPM.DAN.2GRD,
Arab World,ARB,LO.EGRA.NCWPM.ENG.2GRD,
Arab World,ARB,LO.EGRA.NCWPM.ENG.3GRD,
Arab World,ARB,LO.EGRA.NCWPM.ENG.4GRD,
Arab World,ARB,LO.EGRA.NCWPM.ENG.6GRD,
Arab World,ARB,LO.EGRA.NCWPM.EWE.2GRD,
Arab World,ARB,LO.EGRA.NCWPM.FAN.2GRD,
Arab World,ARB,LO.EGRA.NCWPM.FLP.3GRD,
Arab World,ARB,LO.EGRA.NCWPM.FRN.3GRD,
Arab World,ARB,LO.EGRA.NCWPM.FLF.2GRD,
Arab World,ARB,LO.EGRA.NCWPM.GA.2GRD,
Arab World,ARB,LO.EGRA.NCWPM.GON.2GRD,
Arab World,ARB,LO.EGRA.NCWPM.HAR.2GRD,
Arab World,ARB,LO.EGRA.NCWPM.HAR.3GRD,
Arab World,ARB,LO.EGRA.NCWPM.ICI.2GRD,
Arab World,ARB,LO.EGRA.NCWPM.IND.2GRD,
Arab World,ARB,LO.EGRA.NCWPM.KAS.2GRD,
Arab World,ARB,LO.EGRA.NCWPM.KII.2GRD,
Arab World,ARB,LO.EGRA.NCWPM.KNY.4GRD,
Arab World,ARB,LO.EGRA.NCWPM.KNY.6GRD,
Arab World,ARB,LO.EGRA.NCWPM.KIS.2GRD,
Arab World,ARB,LO.EGRA.NCWPM.LUN.2GRD,
Arab World,ARB,LO.EGRA.NCWPM.LUV.2GRD,
Arab World,ARB,LO.EGRA.NCWPM.NZE.2GRD,
Arab World,ARB,LO.EGRA.NCWPM.SID.2GRD,
Arab World,ARB,LO.EGRA.NCWPM.SID.3GRD,
Arab World,ARB,LO.EGRA.NCWPM.SIL.2GRD,
Arab World,ARB,LO.EGRA.NCWPM.SOM.2GRD,
Arab World,ARB,LO.EGRA.NCWPM.SOM.3GRD,
Arab World,ARB,LO.EGRA.NCWPM.SNG.2GRD,
Arab World,ARB,LO.EGRA.NCWPM.SPN.2GRD,
Arab World,ARB,LO.EGRA.NCWPM.SPN.3GRD,
Arab World,ARB,LO.EGRA.NCWPM.SPN.4GRD,
Arab World,ARB,LO.EGRA.NCWPM.TIG.2GRD,
Arab World,ARB,LO.EGRA.NCWPM.TIG.3GRD,
Arab World,ARB,LO.EGRA.INIT.0.BMN.2GRD,
Arab World,ARB,LO.EGRA.INIT.0.BOM.2GRD,
Arab World,ARB,LO.EGRA.INIT.0.CHC.2GRD,
Arab World,ARB,LO.EGRA.INIT.0.CHC.4GRD,
Arab World,ARB,LO.EGRA.INIT.0.ENG.2GRD,
Arab World,ARB,LO.EGRA.INIT.0.ENG.3GRD,
Arab World,ARB,LO.EGRA.INIT.0.ENG.4GRD,
Arab World,ARB,LO.EGRA.INIT.0.ENG.6GRD,
Arab World,ARB,LO.EGRA.INIT.0.FLF.2GRD,
Arab World,ARB,LO.EGRA.INIT.0.KNY.4GRD,
Arab World,ARB,LO.EGRA.INIT.0.KNY.6GRD,
Arab World,ARB,LO.EGRA.INIT.0.SNG.2GRD,
Arab World,ARB,LO.EGRA.INIT.0.SPN.2GRD,
Arab World,ARB,LO.EGRA.INIT.0.SPN.3GRD,
Arab World,ARB,LO.EGRA.INIT.0.SPN.4GRD,
Arab World,ARB,LO.EGRA.LSTN.0.AFA.2GRD,
Arab World,ARB,LO.EGRA.LSTN.0.AFA.3GRD,
Arab World,ARB,LO.EGRA.LSTN.0.AKU.2GRD,
Arab World,ARB,LO.EGRA.LSTN.0.AMH.2GRD,
Arab World,ARB,LO.EGRA.LSTN.0.AMH.3GRD,
Arab World,ARB,LO.EGRA.LSTN.0.ARB.2GRD,
Arab World,ARB,LO.EGRA.LSTN.0.ARB.3GRD,
Arab World,ARB,LO.EGRA.LSTN.0.AST.2GRD,
Arab World,ARB,LO.EGRA.LSTN.0.BMN.2GRD,
Arab World,ARB,LO.EGRA.LSTN.0.BOM.2GRD,
Arab World,ARB,LO.EGRA.LSTN.0.CHC.2GRD,
Arab World,ARB,LO.EGRA.LSTN.0.CHC.4GRD,
Arab World,ARB,LO.EGRA.LSTN.0.CHI.2GRD,
Arab World,ARB,LO.EGRA.LSTN.0.CIN.2GRD,
Arab World,ARB,LO.EGRA.LSTN.0.DAG.2GRD,
Arab World,ARB,LO.EGRA.LSTN.0.DAGB.2GRD,
Arab World,ARB,LO.EGRA.LSTN.0.DAN.2GRD,
Arab World,ARB,LO.EGRA.LSTN.0.ENG.2GRD,
Arab World,ARB,LO.EGRA.LSTN.0.ENG.3GRD,
Arab World,ARB,LO.EGRA.LSTN.0.ENG.4GRD,
Arab World,ARB,LO.EGRA.LSTN.0.ENG.6GRD,
Arab World,ARB,LO.EGRA.LSTN.0.EWE.2GRD,
Arab World,ARB,LO.EGRA.LSTN.0.FAN.2GRD,
Arab World,ARB,LO.EGRA.LSTN.0.FLP.3GRD,
Arab World,ARB,LO.EGRA.LSTN.0.FLF.2GRD,
Arab World,ARB,LO.EGRA.LSTN.0.GA.2GRD,
Arab World,ARB,LO.EGRA.LSTN.0.GON.2GRD,
Arab World,ARB,LO.EGRA.LSTN.0.HAR.2GRD,
Arab World,ARB,LO.EGRA.LSTN.0.HAR.3GRD,
Arab World,ARB,LO.EGRA.LSTN.0.ICI.2GRD,
Arab World,ARB,LO.EGRA.LSTN.0.IND.2GRD,
Arab World,ARB,LO.EGRA.LSTN.0.KAS.2GRD,
Arab World,ARB,LO.EGRA.LSTN.0.KII.2GRD,
Arab World,ARB,LO.EGRA.LSTN.0.KNY.4GRD,
Arab World,ARB,LO.EGRA.LSTN.0.KNY.6GRD,
Arab World,ARB,LO.EGRA.LSTN.0.KIS.2GRD,
Arab World,ARB,LO.EGRA.LSTN.0.LUN.2GRD,
Arab World,ARB,LO.EGRA.LSTN.0.LUV.2GRD,
Arab World,ARB,LO.EGRA.LSTN.0.NZE.2GRD,
Arab World,ARB,LO.EGRA.LSTN.0.SID.2GRD,
Arab World,ARB,LO.EGRA.LSTN.0.SID.3GRD,
Arab World,ARB,LO.EGRA.LSTN.0.SIL.2GRD,
Arab World,ARB,LO.EGRA.LSTN.0.SOM.2GRD,
Arab World,ARB,LO.EGRA.LSTN.0.SOM.3GRD,
Arab World,ARB,LO.EGRA.LSTN.0.SNG.2GRD,
Arab World,ARB,LO.EGRA.LSTN.0.SPN.2GRD,
Arab World,ARB,LO.EGRA.LSTN.0.SPN.3GRD,
Arab World,ARB,LO.EGRA.LSTN.0.SPN.4GRD,
Arab World,ARB,LO.EGRA.LSTN.0.TIG.2GRD,
Arab World,ARB,LO.EGRA.LSTN.0.TIG.3GRD,
Arab World,ARB,LO.EGRA.ORF.AFA.2GRD,
Arab World,ARB,LO.EGRA.ORF.AFA.3GRD,
Arab World,ARB,LO.EGRA.ORF.AKU.2GRD,
Arab World,ARB,LO.EGRA.ORF.AMH.2GRD,
Arab World,ARB,LO.EGRA.ORF.AMH.3GRD,
Arab World,ARB,LO.EGRA.ORF.ARB.2GRD,
Arab World,ARB,LO.EGRA.ORF.ARB.3GRD,
Arab World,ARB,LO.EGRA.ORF.AST.2GRD,
Arab World,ARB,LO.EGRA.ORF.BMN.2GRD,
Arab World,ARB,LO.EGRA.ORF.BOM.2GRD,
Arab World,ARB,LO.EGRA.ORF.CHC.2GRD,
Arab World,ARB,LO.EGRA.ORF.CHC.4GRD,
Arab World,ARB,LO.EGRA.ORF.CHI.2GRD,
Arab World,ARB,LO.EGRA.ORF.CIN.2GRD,
Arab World,ARB,LO.EGRA.ORF.DAG.2GRD,
Arab World,ARB,LO.EGRA.ORF.DAGB.2GRD,
Arab World,ARB,LO.EGRA.ORF.DAN.2GRD,
Arab World,ARB,LO.EGRA.ORF.ENG.2GRD,
Arab World,ARB,LO.EGRA.ORF.ENG.3GRD,
Arab World,ARB,LO.EGRA.ORF.ENG.4GRD,
Arab World,ARB,LO.EGRA.ORF.ENG.6GRD,
Arab World,ARB,LO.EGRA.ORF.EWE.2GRD,
Arab World,ARB,LO.EGRA.ORF.FAN.2GRD,
Arab World,ARB,LO.EGRA.ORF.FLP.3GRD,
Arab World,ARB,LO.EGRA.ORF.FRN.3GRD,
Arab World,ARB,LO.EGRA.ORF.FLF.2GRD,
Arab World,ARB,LO.EGRA.ORF.GA.2GRD,
Arab World,ARB,LO.EGRA.ORF.GON.2GRD,
Arab World,ARB,LO.EGRA.ORF.HAR.2GRD,
Arab World,ARB,LO.EGRA.ORF.HAR.3GRD,
Arab World,ARB,LO.EGRA.ORF.ICI.2GRD,
Arab World,ARB,LO.EGRA.ORF.IND.2GRD,
Arab World,ARB,LO.EGRA.ORF.KAS.2GRD,
Arab World,ARB,LO.EGRA.ORF.KII.2GRD,
Arab World,ARB,LO.EGRA.ORF.KNY.4GRD,
Arab World,ARB,LO.EGRA.ORF.KNY.6GRD,
Arab World,ARB,LO.EGRA.ORF.KIS.2GRD,
Arab World,ARB,LO.EGRA.ORF.LUN.2GRD,
Arab World,ARB,LO.EGRA.ORF.LUV.2GRD,
Arab World,ARB,LO.EGRA.ORF.NZE.2GRD,
Arab World,ARB,LO.EGRA.ORF.SID.2GRD,
Arab World,ARB,LO.EGRA.ORF.SID.3GRD,
Arab World,ARB,LO.EGRA.ORF.SIL.2GRD,
Arab World,ARB,LO.EGRA.ORF.SOM.2GRD,
Arab World,ARB,LO.EGRA.ORF.SOM.3GRD,
Arab World,ARB,LO.EGRA.ORF.SNG.2GRD,
Arab World,ARB,LO.EGRA.ORF.SPN.2GRD,
Arab World,ARB,LO.EGRA.ORF.SPN.3GRD,
Arab World,ARB,LO.EGRA.ORF.SPN.4GRD,
Arab World,ARB,LO.EGRA.ORF.TIG.2GRD,
Arab World,ARB,LO.EGRA.ORF.TIG.3GRD,
Arab World,ARB,LO.EGRA.CWPM.ZERO.AFA.2GRD,
Arab World,ARB,LO.EGRA.CWPM.ZERO.AFA.3GRD,
Arab World,ARB,LO.EGRA.CWPM.ZERO.AKU.2GRD,
Arab World,ARB,LO.EGRA.CWPM.ZERO.AMH.2GRD,
Arab World,ARB,LO.EGRA.CWPM.ZERO.AMH.3GRD,
Arab World,ARB,LO.EGRA.CWPM.ZERO.ARB.2GRD,
Arab World,ARB,LO.EGRA.CWPM.ZERO.ARB.3GRD,
Arab World,ARB,LO.EGRA.CWPM.ZERO.AST.2GRD,
Arab World,ARB,LO.EGRA.CWPM.ZERO.BMN.2GRD,
Arab World,ARB,LO.EGRA.CWPM.ZERO.BOM.2GRD,
Arab World,ARB,LO.EGRA.CWPM.ZERO.CHC.2GRD,
Arab World,ARB,LO.EGRA.CWPM.ZERO.CHC.4GRD,
Arab World,ARB,LO.EGRA.CWPM.ZERO.CHI.2GRD,
Arab World,ARB,LO.EGRA.CWPM.ZERO.CIN.2GRD,
Arab World,ARB,LO.EGRA.CWPM.ZERO.DAG.2GRD,
Arab World,ARB,LO.EGRA.CWPM.ZERO.DAGB.2GRD,
Arab World,ARB,LO.EGRA.CWPM.ZERO.DAN.2GRD,
Arab World,ARB,LO.EGRA.CWPM.ZERO.ENG.2GRD,
Arab World,ARB,LO.EGRA.CWPM.ZERO.ENG.3GRD,
Arab World,ARB,LO.EGRA.CWPM.ZERO.ENG.4GRD,
Arab World,ARB,LO.EGRA.CWPM.ZERO.ENG.6GRD,
Arab World,ARB,LO.EGRA.CWPM.ZERO.EWE.2GRD,
Arab World,ARB,LO.EGRA.CWPM.ZERO.FAN.2GRD,
Arab World,ARB,LO.EGRA.CWPM.ZERO.FLP.3GRD,
Arab World,ARB,LO.EGRA.CWPM.ZERO.FRN.3GRD,
Arab World,ARB,LO.EGRA.CWPM.ZERO.FLF.2GRD,
Arab World,ARB,LO.EGRA.CWPM.ZERO.GA.2GRD,
Arab World,ARB,LO.EGRA.CWPM.ZERO.GON.2GRD,
Arab World,ARB,LO.EGRA.CWPM.ZERO.HAR.2GRD,
Arab World,ARB,LO.EGRA.CWPM.ZERO.HAR.3GRD,
Arab World,ARB,LO.EGRA.CWPM.ZERO.ICI.2GRD,
Arab World,ARB,LO.EGRA.CWPM.ZERO.IND.2GRD,
Arab World,ARB,LO.EGRA.CWPM.ZERO.KAS.2GRD,
Arab World,ARB,LO.EGRA.CWPM.ZERO.KII.2GRD,
Arab World,ARB,LO.EGRA.CWPM.ZERO.KNY.4GRD,
Arab World,ARB,LO.EGRA.CWPM.ZERO.KNY.6GRD,
Arab World,ARB,LO.EGRA.CWPM.ZERO.KIS.2GRD,
Arab World,ARB,LO.EGRA.CWPM.ZERO.LUN.2GRD,
Arab World,ARB,LO.EGRA.CWPM.ZERO.LUV.2GRD,
